Model,MAE,RMSE,R2
Linear Regression,69.21836443196068,97.75244832016952,0.6982341062601003
Random Forest,29.70259532029153,47.59124746051851,0.9284731592215044
Tuned Random Forest,35.308231904523666,53.92159839775472,0.9081793461365442
